Hello i am ranjith, i am a programmer
Hello i am ranjith, i am a programmer
Hello i am ranjith, i am a programmerHello world
How are you?
How are you?
How are you? Helloi am ranjith, i am a programmer
Hello i am ranjith, i am a programmer
Hello i am ranjith, i am a programmer

  Hello world  
  How are you?  
 How are you?  
How are you?  Hello i am ranjith, i am a programmer
Hello i am ranjith, i am a programmer
Hello i am ranjith, i am a programmer
Hello world
How are you?
How are you?
How are you?  Hello i am ranjith, i am a programmer
Hello i am ranjith, i am a programmer
Hello i am ranjith, i am a programmer
